{"stats":{"minecraft:mined":{"minecraft:spruce_log":3,"minecraft:spruce_leaves":3},"minecraft:custom":{"minecraft:jump":44,"minecraft:time_since_rest":2840,"minecraft:damage_dealt":9,"minecraft:play_one_minute":2840,"minecraft:walk_on_water_one_cm":1255,"minecraft:leave_game":2,"minecraft:sprint_one_cm":6603,"minecraft:damage_taken":50,"minecraft:time_since_death":2840,"minecraft:walk_one_cm":2770,"minecraft:fall_one_cm":1697,"minecraft:fly_one_cm":9678},"minecraft:picked_up":{"minecraft:spruce_log":3}},"DataVersion":2586}