{"stats":{"minecraft:used":{"storagedrawers:oak_full_drawers_1":1,"supplementaries:stone_tile":153,"minecraft:stone_sword":75,"waystones:sandy_waystone":1,"aoa3:cooked_charger_shank":1,"aoa3:rosite_pickaxe":737,"minecraft:chest":8,"aoa3:raw_charger_shank":1,"minecraft:cooked_salmon":3,"aoa3:rosite_sword":119,"minecraft:rotten_flesh":1,"minecraft:torch":6,"minecraft:dirt":113,"minecraft:mutton":1,"minecraft:cobblestone_wall":2,"simplefarming:rice_seeds":1,"minecraft:golden_shovel":32,"minecraft:spruce_fence":2,"minecraft:obsidian":3,"minecraft:iron_hoe":130,"minecraft:lava_bucket":22,"minecraft:lantern":1,"minecraft:iron_axe":40,"carryon:entity_item":26,"minecraft:smooth_quartz":15,"minecraft:stone_bricks":152,"carryon:tile_item":21,"simplefarming:tomato_seeds":9,"minecraft:oak_sapling":6,"minecraft:furnace":1,"minecraft:beetroot_seeds":9,"tombstone:gift":1,"minecraft:wheat_seeds":34,"minecraft:water_bucket":39,"minecraft:diorite":7,"aoa3:water_staff":11,"aoa3:limonite_pickaxe":696,"minecraft:stone_pickaxe":131,"aoa3:limonite_sword":355,"minecraft:wooden_pickaxe":6,"minecraft:spruce_fence_gate":1,"minecraft:sugar_cane":28,"minecraft:crafting_table":1,"simplefarming:sweet_potato_seeds":39,"minecraft:chiseled_quartz_block":8,"minecraft:cod":2,"simplefarming:baked_sweet_potato":54,"minecraft:smoker":1,"minecraft:oak_log":1,"waystones:waystone":4,"minecraft:apple":3,"minecraft:iron_pickaxe":337,"minecraft:sunflower":1,"minecraft:light_gray_concrete":5,"minecraft:bread":16,"minecraft:spruce_sapling":9,"simplefarming:apricot":1,"minecraft:fishing_rod":37,"minecraft:coal_block":2,"minecraft:cobblestone":89,"minecraft:andesite":5,"minecraft:bucket":66,"minecraft:coarse_dirt":4,"minecraft:bone_meal":12},"minecraft:picked_up":{"minecraft:coarse_dirt":4,"minecraft:wheat":68,"relics:out_runner":1,"aoa3:copper_coin":68,"minecraft:redstone_lamp":1,"simplefarming:cactus_fruit":8,"aoa3:carved_rune_of_space":1,"minecraft:potion":1,"aoa3:limonite_ore":34,"tombstone:grave_key":2,"minecraft:string":2,"minecraft:pufferfish":2,"minecraft:beetroot":16,"aoa3:raw_charger_shank":7,"minecraft:observer":1,"minecraft:iron_nugget":3,"minecraft:iron_pickaxe":1,"minecraft:smooth_quartz":27,"minecraft:coal_block":4,"minecraft:sugar_cane":28,"minecraft:furnace":6,"minecraft:stick":18,"simplefarming:apricot":6,"minecraft:spruce_fence":2,"minecraft:torch":6,"minecraft:spruce_stairs":1,"minecraft:note_block":2,"simplefarming:raspberries":14,"tombstone:grave_dust":6,"minecraft:diorite":44,"minecraft:redstone":11,"aoa3:limonite_sword":1,"simplefarming:sweet_potato":148,"minecraft:brown_carpet":1,"minecraft:tnt":1,"minecraft:arrow":17,"minecraft:rotten_flesh":20,"minecraft:cooked_cod":3,"minecraft:beetroot_seeds":18,"minecraft:hay_block":5,"minecraft:gold_ingot":1,"minecraft:obsidian":15,"minecraft:mutton":1,"minecraft:cod":4,"minecraft:white_wool":3,"minecraft:cobblestone":1377,"minecraft:air":0,"minecraft:feather":8,"minecraft:repeater":3,"minecraft:andesite":34,"minecraft:water_bucket":1,"minecraft:salmon":4,"minecraft:leather":1,"supplementaries:stone_tile":5,"minecraft:chiseled_quartz_block":46,"aoa3:rosite_sword":1,"minecraft:flint":2,"waystones:sandy_waystone":1,"aoa3:runium_ore":42,"minecraft:oak_log":31,"minecraft:lily_pad":1,"minecraft:gunpowder":4,"minecraft:cobblestone_stairs":1,"minecraft:gray_concrete":9,"minecraft:dirt":221,"minecraft:lantern":1,"minecraft:leather_boots":1,"minecraft:bone":27,"minecraft:apple":4,"minecraft:stone_bricks":5,"minecraft:kelp":2,"minecraft:wheat_seeds":160,"minecraft:iron_ore":37,"aoa3:stone_bowl":1,"aoa3:tea_seeds":2,"simplefarming:tomato_seeds":3,"minecraft:oak_planks":4,"simplefarming:quinoa_seeds":3,"minecraft:oak_slab":8,"simplefarming:rice_seeds":1,"tconstruct:copper_ore":61,"minecraft:pumpkin":2,"minecraft:gravel":6,"minecraft:sand":3,"aoa3:scrap_metal":4,"minecraft:spruce_sapling":20,"minecraft:spruce_log":24,"minecraft:grass_block":32,"minecraft:spider_eye":2,"mahoutsukai:scroll_geas":1,"minecraft:light_gray_concrete":23,"simplefarming:tomato":3,"minecraft:dispenser":2,"simplefarming:sweet_potato_seeds":137,"minecraft:diamond":1,"waystones:waystone":7,"aoa3:chitin":1,"minecraft:granite":2,"aoa3:rosite_pickaxe":1,"aoa3:rosite_ore":5,"minecraft:oak_sapling":11,"minecraft:coal":106,"minecraft:hopper":2,"minecraft:sunflower":1},"minecraft:mined":{"minecraft:light_blue_stained_glass_pane":2,"minecraft:cobblestone_stairs":1,"minecraft:obsidian":16,"minecraft:granite":5,"minecraft:spruce_fence":2,"minecraft:grass_block":49,"minecraft:redstone_wire":1,"minecraft:coal_block":4,"minecraft:spruce_leaves":11,"minecraft:hopper":2,"minecraft:spawner":4,"minecraft:hay_block":5,"minecraft:tall_seagrass":1,"minecraft:redstone_ore":1,"minecraft:furnace":6,"simplefarming:sweet_potato_crop":38,"minecraft:iron_ore":39,"minecraft:andesite":34,"supplementaries:stone_tile":5,"minecraft:pumpkin":2,"aoa3:runium_ore":42,"minecraft:light_gray_concrete":41,"minecraft:stone":1258,"tconstruct:copper_ore":62,"minecraft:gray_concrete":9,"simplefarming:quinoa":1,"minecraft:kelp_plant":1,"minecraft:chiseled_quartz_block":30,"minecraft:note_block":2,"minecraft:torch":4,"minecraft:dead_bush":1,"minecraft:tall_grass":4,"minecraft:cobblestone":115,"minecraft:sugar_cane":17,"minecraft:diorite":40,"minecraft:wall_torch":1,"aoa3:limonite_ore":34,"minecraft:spruce_stairs":1,"minecraft:repeater":2,"minecraft:coarse_dirt":5,"minecraft:light_gray_stained_glass":6,"minecraft:wheat":34,"minecraft:spruce_log":23,"minecraft:birch_leaves":1,"minecraft:stone_brick_stairs":1,"minecraft:grass":11,"minecraft:coal_ore":95,"minecraft:oak_log":29,"minecraft:beetroots":8,"minecraft:smooth_quartz":32,"minecraft:sunflower":1,"minecraft:gravel":3,"minecraft:dirt":105,"aoa3:rosite_ore":5,"minecraft:cobweb":9,"minecraft:dispenser":1,"minecraft:stone_bricks":5,"minecraft:oak_leaves":6,"minecraft:redstone_lamp":1,"minecraft:infested_stone":2},"minecraft:broken":{"minecraft:golden_shovel":1,"minecraft:stone_pickaxe":1,"aoa3:limonite_pickaxe":1,"minecraft:leather_boots":1,"minecraft:iron_pickaxe":2,"aoa3:rosite_pickaxe":1},"minecraft:killed":{"minecraft:witch":2,"aoa3:realmshifter":1,"aoa3:charger":5,"minecraft:spider":7,"minecraft:skeleton":18,"aoa3:sasquatch":1,"minecraft:silverfish":7,"minecraft:drowned":2,"minecraft:magma_cube":7,"minecraft:zombie_villager":2,"aoa3:night_reaper":5,"aoa3:cyclops":6,"aoa3:desert_charger":1,"aoa3:bomb_carrier":4,"minecraft:creeper":3,"aoa3:bugeye":7,"aoa3:boneback":1,"aoa3:sphinx":1,"minecraft:zombie":12,"aoa3:goblin":3,"aoa3:goalby":9,"aoa3:nightfly":4},"minecraft:killed_by":{"minecraft:creeper":3,"minecraft:enderman":2,"minecraft:silverfish":1,"minecraft:skeleton":1,"minecraft:zombie":1,"aoa3:goblin":5,"aoa3:goalby":1,"aoa3:sphinx":1,"aoa3:charger":2},"minecraft:crafted":{"minecraft:oak_planks":76,"minecraft:fishing_rod":1,"minecraft:furnace":2,"aoa3:rosite_sword":1,"minecraft:stone":306,"minecraft:bone_meal":12,"aoa3:limonite_rod":2,"minecraft:spruce_fence":3,"aoa3:runium_chunk":20,"aoa3:rosite_pickaxe":2,"aoa3:cooked_charger_shank":1,"minecraft:iron_axe":1,"minecraft:iron_hoe":1,"minecraft:cobblestone_wall":3,"minecraft:stone_pickaxe":1,"minecraft:chest":10,"aoa3:rune_box":2,"simplefarming:baked_sweet_potato":54,"minecraft:stone_bricks":497,"minecraft:smoker":1,"minecraft:wheat":9,"supplementaries:stone_tile":8,"minecraft:crafting_table":1,"minecraft:spruce_planks":52,"minecraft:wooden_pickaxe":1,"aoa3:limonite_sword":1,"aoa3:water_rune":24,"aoa3:limonite_pickaxe":2,"storagedrawers:oak_full_drawers_1":2,"aoa3:ancient_rock":9,"minecraft:cooked_salmon":4,"minecraft:bucket":1,"minecraft:bread":11,"minecraft:air":0,"aoa3:treasure_box":1,"tconstruct:copper_ingot":8,"minecraft:stick":32,"aoa3:lotto_totem":1,"minecraft:iron_ingot":2,"minecraft:iron_pickaxe":1,"minecraft:stone_sword":1,"aoa3:water_staff":1,"aoa3:stone_bowl":1,"aoa3:unpowered_rune":48,"aoa3:limonite_ingot":14,"minecraft:spruce_fence_gate":1,"storagedrawers:upgrade_template":4,"aoa3:wind_rune":24},"minecraft:custom":{"lootr:looted_stat":13,"minecraft:mob_kills":109,"minecraft:interact_with_crafting_table":47,"minecraft:open_barrel":3,"minecraft:leave_game":21,"minecraft:time_since_death":12874,"minecraft:climb_one_cm":22789,"minecraft:sprint_one_cm":1206881,"minecraft:walk_one_cm":976315,"minecraft:drop":35,"minecraft:play_noteblock":3,"minecraft:talked_to_villager":21,"minecraft:deaths":20,"minecraft:sneak_time":5155,"minecraft:walk_under_water_one_cm":59486,"minecraft:jump":5736,"minecraft:interact_with_blast_furnace":1,"minecraft:walk_on_water_one_cm":57573,"minecraft:interact_with_furnace":84,"tombstone:raider_killed":2,"minecraft:traded_with_villager":7,"minecraft:play_one_minute":443842,"minecraft:interact_with_stonecutter":28,"minecraft:sleep_in_bed":4,"minecraft:waystone_activated":9,"minecraft:time_since_rest":12906,"tramplestopper:farmland_saved":2,"minecraft:damage_taken":9431,"minecraft:damage_dealt":21826,"minecraft:swim_one_cm":61668,"minecraft:fly_one_cm":1310907,"minecraft:crouch_one_cm":8048,"minecraft:open_chest":159,"tombstone:undead_killed":39,"tombstone:villager_killed":1,"minecraft:inspect_dispenser":2,"minecraft:interact_with_smoker":20,"minecraft:fish_caught":10,"minecraft:fall_one_cm":596632,"minecraft:horse_one_cm":35254},"minecraft:dropped":{"minecraft:water_bucket":1,"aoa3:stone_bowl":1,"minecraft:wheat_seeds":62,"simplefarming:sweet_potato_seeds":28,"minecraft:stick":1,"minecraft:lava_bucket":1,"minecraft:diorite":3,"aoa3:rosite_sword":1,"aoa3:rosite_pickaxe":1,"tombstone:grave_key":2,"minecraft:cooked_cod":3,"tombstone:grave_dust":4,"mahoutsukai:scroll_geas":1,"minecraft:gold_nugget":1,"minecraft:cactus":5,"minecraft:white_wool":1,"aoa3:runium_chunk":27,"simplefarming:tomato_seeds":1,"simplefarming:sweet_potato":47,"minecraft:stone_sword":1,"minecraft:wheat":34,"minecraft:beetroot":8,"minecraft:oak_planks":1,"relics:out_runner":1,"aoa3:limonite_sword":1,"minecraft:andesite":12,"minecraft:spider_eye":1}},"DataVersion":2586}