{"stats":{"minecraft:picked_up":{"minecraft:chicken":3,"minecraft:crafting_table":1,"minecraft:wheat":16,"relics:slime_heart":1,"aoa3:copper_coin":27,"minecraft:redstone_lamp":28,"aoa3:wither_staff":1,"minecraft:enchanted_book":2,"aoa3:limonite_ore":34,"aoa3:silver_coin":2,"aoa3:carved_rune_of_direction":3,"relics:camouflage_ring":1,"minecraft:string":10,"aoa3:jade":16,"mahoutsukai:spell_cloth":4,"minecraft:blue_orchid":8,"minecraft:beetroot":3,"simplefarming:fruit_log":4,"minecraft:beef":5,"aoa3:raw_charger_shank":6,"mahoutsukai:powdered_iron":2,"minecraft:iron_nugget":2,"minecraft:poppy":6,"minecraft:sugar_cane":19,"minecraft:golden_helmet":1,"minecraft:stick":9,"minecraft:stone":21,"simplefarming:apricot":28,"minecraft:torch":30,"aoa3:runium_chunk":27,"minecraft:fire_charge":1,"minecraft:porkchop":2,"simplefarming:raspberries":52,"tombstone:grave_dust":9,"minecraft:diorite":32,"minecraft:redstone":23,"simplefarming:sweet_potato":7,"tconstruct:sky_slime_ball":4,"minecraft:arrow":4,"minecraft:rotten_flesh":15,"minecraft:beetroot_seeds":10,"minecraft:cooked_cod":3,"minecraft:tropical_fish":2,"aoa3:amethyst":4,"minecraft:mutton":2,"simplefarming:baked_sweet_potato":1,"minecraft:cod":12,"minecraft:rail":14,"minecraft:white_wool":1,"minecraft:cobblestone":233,"simplefarming:apricot_sapling":4,"minecraft:feather":5,"minecraft:cooked_beef":5,"aoa3:carved_rune_of_reality":1,"minecraft:water_bucket":1,"minecraft:andesite":16,"minecraft:leather":13,"aoa3:runium_ore":36,"minecraft:oak_log":6,"minecraft:gunpowder":4,"minecraft:dirt":31,"minecraft:bone":3,"minecraft:wheat_seeds":44,"minecraft:cooked_chicken":3,"minecraft:iron_ore":54,"simplefarming:blueberry_bush":6,"minecraft:powered_rail":2,"minecraft:stone_hoe":1,"aoa3:torn_cloth":2,"tconstruct:copper_ore":30,"minecraft:pumpkin":2,"minecraft:quartz":13,"simplefarming:blueberries":18,"minecraft:gravel":2,"minecraft:lava_bucket":1,"aoa3:scrap_metal":2,"minecraft:spruce_sapling":4,"sophisticatedbackpacks:iron_backpack":2,"aoa3:limonite_ingot":26,"minecraft:spruce_log":21,"bountifulbaubles:potion_wormhole":1,"simplefarming:raspberry_bush":6,"minecraft:spider_eye":2,"mahoutsukai:scroll_geas":2,"minecraft:light_gray_concrete":18,"simplefarming:sweet_potato_seeds":14,"waystones:waystone":1,"minecraft:granite":16,"minecraft:emerald":5,"aoa3:rosite_ore":13,"minecraft:oak_sapling":7,"minecraft:coal":102},"minecraft:killed":{"minecraft:cave_spider":5,"aoa3:charger":7,"minecraft:spider":3,"tconstruct:sky_slime":4,"minecraft:cod":13,"minecraft:phantom":3,"minecraft:skeleton":6,"aoa3:shade":1,"aoa3:sasquatch":2,"minecraft:chicken":3,"minecraft:silverfish":3,"minecraft:tropical_fish":2,"minecraft:pig":2,"minecraft:zombie_villager":1,"aoa3:night_reaper":4,"aoa3:cyclops":7,"minecraft:creeper":3,"aoa3:bugeye":1,"minecraft:sheep":1,"aoa3:shadow":1,"minecraft:zombie":14,"aoa3:goblin":3,"aoa3:goalby":6,"minecraft:cow":2,"aoa3:nightfly":1},"minecraft:custom":{"lootr:looted_stat":10,"minecraft:mob_kills":112,"minecraft:interact_with_crafting_table":97,"minecraft:damage_dealt_resisted":330,"minecraft:leave_game":7,"minecraft:time_since_death":145807,"minecraft:climb_one_cm":8680,"minecraft:sprint_one_cm":335293,"minecraft:walk_one_cm":2193547,"minecraft:drop":37,"minecraft:talked_to_villager":11,"minecraft:deaths":10,"minecraft:sneak_time":3898,"minecraft:walk_under_water_one_cm":47703,"minecraft:jump":5158,"minecraft:walk_on_water_one_cm":69599,"minecraft:interact_with_furnace":117,"tombstone:raider_killed":3,"minecraft:traded_with_villager":3,"minecraft:play_one_minute":537174,"minecraft:sleep_in_bed":1,"minecraft:time_since_rest":120358,"minecraft:waystone_activated":2,"tramplestopper:farmland_saved":4,"minecraft:damage_taken":6547,"minecraft:damage_dealt":15463,"minecraft:swim_one_cm":33651,"minecraft:fly_one_cm":137422,"minecraft:open_chest":530,"minecraft:crouch_one_cm":4013,"tombstone:undead_killed":30,"minecraft:interact_with_smoker":34,"minecraft:fall_one_cm":126136,"minecraft:interact_with_smithing_table":5},"minecraft:crafted":{"minecraft:wooden_sword":1,"tconstruct:pickaxe":4,"tconstruct:pattern":15,"minecraft:oak_planks":28,"tconstruct:part_builder":1,"mahoutsukai:guidebook":1,"mahoutsukai:powdered_emerald":3,"minecraft:furnace":1,"aoa3:wither_rune":40,"tconstruct:tool_binding":4,"minecraft:bone_meal":18,"aoa3:runium_chunk":30,"mahoutsukai:dagger":1,"aoa3:rosite_ingot":13,"aoa3:cooked_charger_shank":7,"tconstruct:tinker_station":1,"mahoutsukai:powdered_iron":6,"minecraft:iron_axe":1,"minecraft:stone_pickaxe":1,"minecraft:chest":4,"mahoutsukai:hammer":1,"mahoutsukai:powdered_gold":2,"minecraft:redstone_block":11,"simplefarming:baked_sweet_potato":21,"aoa3:metal_slug":40,"tconstruct:pickaxe_head":4,"sophisticatedbackpacks:iron_backpack":1,"minecraft:red_dye":7,"minecraft:cooked_cod":12,"tconstruct:small_blade":1,"sophisticatedbackpacks:backpack":1,"aoa3:wind_staff":1,"minecraft:crafting_table":2,"minecraft:spruce_planks":84,"minecraft:wooden_pickaxe":1,"aoa3:limonite_sword":1,"aoa3:limonite_pickaxe":2,"aoa3:ancient_rock":63,"tconstruct:tool_handle":6,"aoa3:wither_staff":1,"mahoutsukai:spell_cloth":4,"minecraft:blue_dye":2,"tconstruct:sword":1,"aoa3:infusion_table":1,"minecraft:white_wool":3,"minecraft:paper":3,"minecraft:wooden_hoe":1,"tconstruct:copper_ingot":65,"minecraft:charcoal":5,"minecraft:purple_dye":4,"aoa3:jade_pickaxe":1,"aoa3:bolt_rifle":1,"minecraft:stick":40,"minecraft:iron_ingot":50,"minecraft:iron_block":12,"minecraft:stone_sword":1,"aoa3:unpowered_rune":80,"minecraft:gold_ingot":8,"aoa3:frame_bench":1,"aoa3:limonite_ingot":84,"aoa3:limonite_block":11,"minecraft:torch":36,"mahoutsukai:powdered_quartz":1,"minecraft:shears":1,"aoa3:wind_rune":40},"minecraft:used":{"aoa3:infusion_table":2,"mahoutsukai:spell_cloth":2,"minecraft:beetroot":1,"sophisticatedbackpacks:iron_backpack":2,"minecraft:stone_sword":112,"aoa3:cooked_charger_shank":7,"minecraft:flint_and_steel":7,"minecraft:chest":3,"minecraft:cooked_chicken":3,"minecraft:stone_hoe":7,"minecraft:torch":77,"minecraft:dirt":16,"simplefarming:blueberries":12,"minecraft:granite":14,"simplefarming:raspberries":43,"minecraft:lava_bucket":1,"carryon:entity_item":9,"tconstruct:tinker_station":1,"carryon:tile_item":10,"minecraft:furnace":3,"minecraft:cooked_cod":12,"minecraft:beetroot_seeds":13,"tombstone:gift":4,"tconstruct:part_builder":1,"simplefarming:apricot_sapling":4,"minecraft:cooked_mutton":2,"minecraft:wheat_seeds":84,"minecraft:water_bucket":16,"minecraft:diorite":24,"aoa3:limonite_pickaxe":19,"minecraft:stone_pickaxe":78,"aoa3:limonite_sword":74,"minecraft:wooden_pickaxe":59,"minecraft:sugar_cane":8,"simplefarming:blueberry_bush":6,"aoa3:wither_staff":5,"minecraft:crafting_table":2,"simplefarming:sweet_potato_seeds":32,"aoa3:bolt_rifle":9,"minecraft:smoker":1,"simplefarming:baked_sweet_potato":13,"waystones:waystone":1,"minecraft:wooden_hoe":63,"minecraft:string":1,"minecraft:gravel":2,"simplefarming:apricot":38,"minecraft:stone_axe":43,"minecraft:wooden_sword":32,"minecraft:cobblestone":68,"simplefarming:raspberry_bush":6,"minecraft:bucket":17,"aoa3:jade_pickaxe":5,"minecraft:bone_meal":15,"aoa3:frame_bench":1},"minecraft:killed_by":{"minecraft:creeper":1,"aoa3:cyclops":1,"minecraft:skeleton":3,"minecraft:zombie":2,"aoa3:goblin":2,"aoa3:fishix":1},"minecraft:mined":{"simplefarming:raspberry_bush":6,"minecraft:obsidian":1,"minecraft:granite":18,"minecraft:grass_block":28,"sophisticatedbackpacks:iron_backpack":2,"minecraft:spruce_leaves":6,"mahoutsukai:mahoujin_alarm_barrier":1,"minecraft:spawner":1,"minecraft:redstone_ore":9,"simplefarming:sweet_potato_crop":14,"minecraft:iron_ore":109,"minecraft:fire":2,"aoa3:amethyst_ore":8,"minecraft:andesite":19,"aoa3:runium_ore":36,"minecraft:stone":280,"minecraft:blue_orchid":9,"simplefarming:fruit_log":4,"simplefarming:blueberry_bush":6,"tconstruct:copper_ore":33,"minecraft:torch":17,"minecraft:crafting_table":1,"aoa3:infusion_table":1,"minecraft:emerald_ore":1,"minecraft:poppy":6,"mahoutsukai:mahoujin":5,"minecraft:cobblestone":23,"minecraft:sugar_cane":14,"minecraft:diorite":38,"minecraft:wall_torch":22,"aoa3:limonite_ore":66,"minecraft:wheat":50,"minecraft:spruce_log":21,"minecraft:birch_leaves":2,"minecraft:grass":32,"minecraft:coal_ore":133,"minecraft:oak_log":6,"minecraft:beetroots":5,"aoa3:jade_ore":27,"minecraft:gravel":22,"aoa3:rosite_ore":21,"minecraft:dirt":2,"minecraft:cobweb":12,"minecraft:gold_ore":8,"minecraft:oak_leaves":7},"minecraft:broken":{"minecraft:golden_helmet":1,"minecraft:wooden_pickaxe":1},"minecraft:dropped":{"minecraft:water_bucket":2,"aoa3:stone_bowl":1,"minecraft:wheat_seeds":1,"simplefarming:baked_sweet_potato":1,"minecraft:ender_pearl":1,"bountifulbaubles:potion_wormhole":1,"minecraft:rail":14,"aoa3:rosite_sword":1,"minecraft:cooked_cod":3,"aoa3:wither_staff":1,"minecraft:map":1,"relics:camouflage_ring":1,"minecraft:gold_ingot":1,"minecraft:spruce_sapling":4,"tconstruct:pickaxe":3,"minecraft:iron_nugget":1,"simplefarming:raspberries":13,"minecraft:gunpowder":1,"aoa3:medium_skill_crystal":1,"minecraft:powered_rail":4}},"DataVersion":2586}