{"stats":{"minecraft:used":{"aoa3:frame_bench":1,"minecraft:iron_shovel":250,"minecraft:spruce_slab":50,"minecraft:ladder":6,"minecraft:oak_sign":2,"minecraft:chest":24,"minecraft:stone":2130,"minecraft:rotten_flesh":2,"minecraft:spruce_leaves":6,"simplefarming:raspberries":65,"minecraft:stripped_spruce_log":207,"minecraft:glass":14,"minecraft:lantern":112,"minecraft:stone_brick_stairs":93,"minecraft:stone_bricks":18,"carryon:tile_item":124,"storagedrawers:spruce_trim":7,"minecraft:oak_sapling":50,"minecraft:furnace":55,"simplefarming:apricot_sapling":10,"storagenetwork:storage_kabel":37,"minecraft:diorite":54,"minecraft:spruce_door":6,"aoa3:limonite_pickaxe":354,"minecraft:stone_pickaxe":657,"aoa3:limonite_sword":394,"minecraft:ender_pearl":3,"minecraft:wooden_pickaxe":59,"minecraft:blue_bed":1,"minecraft:sugar_cane":2,"storagedrawers:spruce_full_drawers_1":136,"minecraft:oak_leaves":16,"elevatorid:elevator_white":5,"minecraft:sand":7,"aoa3:stone_bowl":12,"tconstruct:copper_ore":3,"minecraft:blast_furnace":2,"minecraft:black_bed":1,"minecraft:shears":49,"simplefarming:baked_sweet_potato":9,"waystones:waystone":4,"minecraft:string":3,"minecraft:bread":14,"minecraft:stone_button":4,"minecraft:polished_granite":58,"minecraft:oak_pressure_plate":5,"minecraft:iron_door":2,"minecraft:gravel":43,"simplefarming:apricot":119,"storagedrawers:oak_trim":52,"minecraft:grindstone":1,"minecraft:smithing_table":1,"minecraft:andesite":103,"minecraft:smooth_stone_slab":158,"minecraft:tropical_fish_bucket":4,"minecraft:golden_pickaxe":376,"minecraft:experience_bottle":63,"aoa3:infusion_table":1,"minecraft:oak_trapdoor":6,"storagedrawers:oak_full_drawers_1":109,"minecraft:stone_sword":133,"minecraft:flint_and_steel":1,"aoa3:cooked_charger_shank":3,"minecraft:armor_stand":1,"minecraft:spruce_planks":11,"minecraft:cooked_salmon":1,"minecraft:torch":364,"minecraft:dirt":303,"minecraft:anvil":2,"minecraft:spruce_stairs":173,"minecraft:cobblestone_wall":8,"minecraft:cod_bucket":1,"minecraft:bee_nest":1,"minecraft:spruce_fence":144,"minecraft:granite":61,"minecraft:polished_diorite":300,"minecraft:stone_brick_slab":24,"minecraft:bookshelf":18,"minecraft:iron_axe":728,"storagedrawers:controller":1,"carryon:entity_item":11,"tconstruct:tinker_station":3,"storagenetwork:master":1,"minecraft:barrel":45,"tombstone:gift":4,"minecraft:cooked_beef":40,"tconstruct:part_builder":2,"minecraft:golden_axe":32,"minecraft:water_bucket":16,"storagenetwork:inventory":4,"storagedrawers:spruce_full_drawers_4":66,"lootr:lootr_chest":1,"minecraft:stonecutter":4,"minecraft:green_bed":2,"minecraft:oak_slab":42,"minecraft:crafting_table":23,"minecraft:white_bed":2,"minecraft:spruce_log":148,"minecraft:smoker":1,"minecraft:oak_log":13,"minecraft:flower_pot":17,"minecraft:iron_pickaxe":7432,"minecraft:spruce_pressure_plate":2,"storagedrawers:controller_slave":1,"minecraft:spruce_trapdoor":217,"minecraft:spruce_sapling":91,"minecraft:stone_axe":123,"minecraft:cobblestone":1831,"simplefarming:raspberry_bush":8,"storagedrawers:oak_full_drawers_4":38,"minecraft:cooked_porkchop":20,"minecraft:bucket":22},"minecraft:picked_up":{"minecraft:wheat":8,"minecraft:redstone_block":11,"minecraft:potion":1,"minecraft:enchanted_book":9,"minecraft:stone_brick_stairs":15,"simplefarming:rice":1,"aoa3:silver_coin":3,"aoa3:carved_rune_of_direction":8,"minecraft:string":50,"minecraft:sticky_piston":4,"aoa3:wither_rune":1,"minecraft:pufferfish":2,"minecraft:beetroot":9,"minecraft:activator_rail":2,"minecraft:smooth_stone":1,"minecraft:gold_nugget":21,"minecraft:bucket":1,"storagedrawers:spruce_trim":3,"minecraft:comparator":8,"simplefarming:fruit_log":28,"minecraft:spruce_planks":30,"aoa3:power_rune":1,"minecraft:red_dye":7,"minecraft:rose_bush":1,"minecraft:redstone_torch":6,"minecraft:iron_pickaxe":1,"minecraft:smooth_quartz":22,"minecraft:coal_block":2,"minecraft:furnace":26,"tombstone:scroll_of_lightning_resistance":1,"minecraft:spruce_pressure_plate":1,"minecraft:stick":146,"aoa3:runium_chunk":90,"minecraft:torch":188,"minecraft:spruce_stairs":8,"minecraft:porkchop":18,"aoa3:infusion_table":1,"simplefarming:raspberries":73,"tombstone:grave_dust":34,"minecraft:diorite":393,"aoa3:carved_rune_of_travel":5,"relics:rune_of_fire":6,"simplefarming:sweet_potato":55,"minecraft:brown_carpet":1,"minecraft:cactus":13,"minecraft:rotten_flesh":121,"minecraft:tropical_fish":4,"minecraft:iron_block":22,"tombstone:scroll_of_aquatic_life":2,"minecraft:obsidian":5,"minecraft:cod":2,"minecraft:cobblestone":4956,"aoa3:limonite_rod":2,"minecraft:feather":27,"minecraft:repeater":33,"minecraft:andesite":360,"aoa3:water_rune":1,"minecraft:golden_leggings":1,"aoa3:limonite_block":11,"minecraft:chiseled_quartz_block":38,"minecraft:smoker":2,"minecraft:potato":6,"minecraft:flint":6,"aoa3:runium_ore":18,"supplementaries:flax_seeds":5,"minecraft:gray_concrete":9,"aoa3:rosite_ingot":41,"minecraft:lapis_lazuli":9,"minecraft:map":6,"relics:rune_of_sun":5,"minecraft:dirt":293,"minecraft:lantern":7,"minecraft:name_tag":5,"minecraft:polished_granite":46,"minecraft:glass":52,"minecraft:bone":53,"minecraft:stonecutter":3,"minecraft:wheat_seeds":104,"aoa3:stone_bowl":1,"relics:rune_of_air":5,"minecraft:powered_rail":15,"tconstruct:sky_slime_sapling":1,"aoa3:sapphire":1,"minecraft:music_disc_13":1,"minecraft:oak_pressure_plate":3,"minecraft:sand":190,"minecraft:stripped_spruce_log":9,"aoa3:limonite_ingot":41,"minecraft:grass_block":32,"aoa3:ancient_rock":63,"minecraft:barrel":1,"minecraft:iron_hoe":1,"minecraft:light_gray_concrete":18,"minecraft:dispenser":2,"aoa3:void_scales":1,"waystones:waystone":5,"minecraft:granite":259,"aoa3:glistening_infusion_stone":6,"minecraft:golden_apple":4,"minecraft:golden_horse_armor":1,"minecraft:emerald":22,"minecraft:bread":3,"aoa3:rosite_ore":18,"minecraft:oak_sapling":72,"minecraft:oak_leaves":82,"minecraft:fishing_rod":1,"minecraft:crafting_table":10,"relics:out_runner":2,"aoa3:copper_coin":115,"minecraft:ladder":12,"aoa3:lotto_totem":1,"minecraft:redstone_lamp":28,"tconstruct:materials_and_you":2,"minecraft:wooden_pickaxe":1,"aoa3:carved_rune_of_space":8,"aoa3:wither_staff":1,"tconstruct:sword":2,"aoa3:limonite_ore":57,"aoa3:jade":26,"minecraft:compass":4,"minecraft:blue_orchid":9,"supplementaries:bomb":2,"minecraft:detector_rail":9,"minecraft:beef":2,"aoa3:raw_charger_shank":4,"minecraft:observer":1,"minecraft:iron_nugget":8,"supplementaries:rope":59,"minecraft:spruce_slab":13,"minecraft:sugar_cane":58,"minecraft:chest":12,"minecraft:piston":42,"minecraft:spruce_trapdoor":3,"minecraft:stone":96,"simplefarming:apricot":119,"minecraft:spruce_fence":3,"tconstruct:pickaxe":5,"minecraft:note_block":4,"minecraft:fire_charge":1,"minecraft:redstone":31,"minecraft:tnt":12,"tconstruct:sky_slime_ball":8,"bountifulbaubles:potion_recall":2,"minecraft:arrow":45,"aoa3:amethyst":9,"minecraft:beetroot_seeds":13,"relics:squire_bag":1,"minecraft:shears":1,"tconstruct:tinker_station":3,"aoa3:water_staff":1,"minecraft:saddle":1,"relics:rune_of_redstone":3,"aoa3:frame_bench":1,"simplefarming:baked_sweet_potato":3,"minecraft:white_wool":2,"minecraft:rail":327,"simplefarming:apricot_sapling":10,"minecraft:purple_dye":2,"minecraft:air":0,"aoa3:carved_rune_of_reality":3,"tconstruct:part_builder":2,"storagedrawers:upgrade_template":4,"minecraft:leather":9,"aoa3:wind_staff":1,"relics:rune_of_love":3,"minecraft:oak_log":143,"minecraft:lily_pad":1,"relics:scarab_talisman":1,"minecraft:gunpowder":26,"minecraft:cobblestone_wall":56,"minecraft:cobblestone_stairs":1,"minecraft:cooked_mutton":2,"minecraft:stone_bricks":12,"minecraft:apple":8,"minecraft:kelp":2,"tconstruct:sky_slime_grass_seeds":4,"minecraft:iron_ingot":15,"minecraft:iron_ore":148,"tconstruct:copper_ingot":204,"aoa3:torn_cloth":1,"minecraft:book":2,"minecraft:oak_slab":11,"tconstruct:copper_ore":135,"minecraft:pumpkin":6,"relics:rune_of_luck":7,"minecraft:stone_brick_slab":8,"minecraft:gravel":85,"aoa3:scrap_metal":26,"minecraft:spider_eye":7,"minecraft:spruce_sapling":237,"minecraft:blast_furnace":1,"minecraft:white_bed":1,"minecraft:spruce_log":368,"minecraft:gold_ore":9,"bountifulbaubles:potion_wormhole":2,"simplefarming:raspberry_bush":8,"minecraft:spruce_door":8,"simplefarming:tomato":3,"aoa3:limonite_pickaxe":1,"minecraft:pumpkin_seeds":3,"aoa3:wind_rune":2,"simplefarming:sweet_potato_seeds":49,"minecraft:polished_diorite":105,"aoa3:chitin":2,"tconstruct:pattern":65,"minecraft:melon_seeds":2,"minecraft:coal":575,"minecraft:hopper":2,"minecraft:ender_pearl":1},"minecraft:mined":{"simplefarming:raspberry_bush":8,"minecraft:spruce_planks":8,"minecraft:white_bed":1,"tconstruct:tinker_station":3,"minecraft:spruce_trapdoor":3,"minecraft:granite":247,"simplefarming:apricot_leaves":1,"minecraft:grass_block":88,"minecraft:oak_pressure_plate":2,"minecraft:polished_diorite":13,"minecraft:spawner":1,"minecraft:polished_blackstone_bricks":4,"minecraft:magma_block":2,"simplefarming:sweet_potato_crop":1,"minecraft:iron_ore":200,"minecraft:fire":8,"minecraft:barrel":1,"minecraft:pumpkin":2,"minecraft:spruce_pressure_plate":1,"simplefarming:fruit_log":28,"minecraft:spruce_slab":8,"minecraft:tripwire":4,"tconstruct:part_builder":2,"minecraft:blackstone":1,"minecraft:smoker":1,"simplefarming:apricot_sapling":1,"minecraft:torch":86,"minecraft:blast_furnace":1,"minecraft:chest":12,"minecraft:glass":2,"minecraft:cobblestone":348,"minecraft:sugar_cane":29,"minecraft:wall_torch":158,"aoa3:limonite_ore":76,"storagedrawers:oak_full_drawers_1":1,"minecraft:warped_fungus":1,"minecraft:stone_brick_stairs":15,"minecraft:grass":10,"minecraft:oak_log":133,"aoa3:rosite_ore":20,"minecraft:sand":140,"minecraft:dirt":186,"minecraft:stonecutter":3,"minecraft:oak_leaves":62,"minecraft:ladder":6,"minecraft:spruce_leaves":88,"storagedrawers:spruce_full_drawers_1":11,"aoa3:frame_bench":1,"minecraft:spruce_sapling":1,"minecraft:furnace":20,"storagedrawers:oak_trim":2,"minecraft:andesite":258,"minecraft:stripped_spruce_log":8,"aoa3:runium_ore":20,"minecraft:rail":199,"minecraft:lantern":3,"minecraft:stone":6967,"supplementaries:wall_lantern":1,"tconstruct:copper_ore":194,"minecraft:oak_slab":5,"minecraft:stone_brick_slab":7,"minecraft:spruce_door":3,"minecraft:crafting_table":17,"aoa3:infusion_table":1,"minecraft:diorite":373,"minecraft:spruce_stairs":8,"minecraft:cobblestone_wall":55,"minecraft:polished_blackstone_stairs":1,"minecraft:spruce_log":362,"minecraft:bee_nest":1,"minecraft:coal_ore":484,"storagedrawers:spruce_trim":3,"minecraft:gravel":78,"minecraft:cobweb":81,"minecraft:stone_bricks":1,"minecraft:infested_stone":32},"minecraft:broken":{"minecraft:iron_shovel":1,"minecraft:golden_leggings":1,"minecraft:stone_pickaxe":5,"minecraft:stone_axe":1,"minecraft:stone_sword":1,"aoa3:limonite_sword":1,"minecraft:wooden_pickaxe":1,"aoa3:limonite_pickaxe":1,"minecraft:golden_axe":1,"minecraft:iron_axe":3,"minecraft:iron_pickaxe":28,"minecraft:golden_pickaxe":1},"minecraft:killed":{"minecraft:cave_spider":5,"minecraft:spider":6,"minecraft:skeleton":15,"aoa3:sasquatch":4,"aoa3:ghost":1,"minecraft:silverfish":30,"minecraft:pig":8,"aoa3:bomb_carrier":5,"minecraft:creeper":2,"minecraft:zombie":27,"aoa3:goblin":2,"aoa3:goalby":6,"minecraft:cow":1,"aoa3:charger":2,"minecraft:llama":8,"aoa3:night_reaper":4,"aoa3:cyclops":6,"aoa3:void_walker":1,"aoa3:glistening_pixon":6,"aoa3:mother_void_walker":1,"aoa3:bugeye":5,"aoa3:nightfly":1},"minecraft:killed_by":{"minecraft:cave_spider":1,"aoa3:cyclops":1,"aoa3:goblin":1,"aoa3:goalby":3,"aoa3:charger":1},"minecraft:dropped":{"simplefarming:baked_sweet_potato":1,"minecraft:oak_log":10,"simplefarming:cactus_fruit":8,"simplefarming:sweet_potato_seeds":1,"relics:spider_necklace":2,"aoa3:copper_coin":1,"minecraft:emerald":1,"minecraft:dirt":2,"relics:leather_belt":2,"aoa3:glistening_infusion_stone":7,"aoa3:wither_staff":1,"minecraft:iron_pickaxe":5,"minecraft:bone":4,"tconstruct:copper_ingot":1,"minecraft:wheat":2,"minecraft:arrow":15,"minecraft:stone_hoe":1,"minecraft:iron_ingot":3,"minecraft:stripped_spruce_log":1,"minecraft:wheat_seeds":1,"minecraft:cobblestone":1,"minecraft:granite":1,"bountifulbaubles:potion_wormhole":1,"minecraft:coal":2,"minecraft:torch":1,"minecraft:furnace":1,"minecraft:chiseled_quartz_block":19,"relics:slime_heart":1,"storagedrawers:spruce_full_drawers_1":1,"minecraft:spruce_log":14},"minecraft:crafted":{"minecraft:oak_planks":608,"minecraft:smooth_stone":2,"minecraft:barrel":37,"minecraft:oak_pressure_plate":2,"minecraft:cooked_chicken":3,"minecraft:stone":675,"tconstruct:tool_binding":5,"minecraft:bookshelf":2,"storagedrawers:spruce_trim":4,"minecraft:cooked_mutton":2,"aoa3:rosite_ingot":28,"minecraft:spruce_pressure_plate":1,"minecraft:green_dye":1,"minecraft:quartz_block":4,"minecraft:glass":64,"minecraft:stone_brick_slab":18,"minecraft:comparator":2,"minecraft:chest":49,"storagedrawers:controller_slave":1,"minecraft:stone_hoe":1,"tconstruct:pickaxe_head":5,"minecraft:stone_bricks":104,"tconstruct:small_blade":1,"minecraft:dropper":4,"storagenetwork:kabel":64,"minecraft:oak_slab":60,"minecraft:cooked_porkchop":20,"minecraft:crafting_table":5,"minecraft:spruce_planks":992,"minecraft:wooden_pickaxe":1,"minecraft:spruce_door":6,"minecraft:green_bed":1,"aoa3:limonite_pickaxe":1,"minecraft:smithing_table":1,"tconstruct:tool_handle":7,"storagenetwork:master":1,"tconstruct:sword":1,"minecraft:stone_brick_stairs":1,"minecraft:spruce_trapdoor":74,"minecraft:book":7,"minecraft:paper":60,"tconstruct:copper_ingot":156,"minecraft:stick":168,"minecraft:stone_slab":96,"minecraft:iron_ingot":276,"minecraft:iron_pickaxe":38,"minecraft:stone_sword":1,"aoa3:limonite_ingot":72,"minecraft:redstone_torch":6,"aoa3:fire_staff":1,"minecraft:shears":1,"tconstruct:pickaxe":5,"tconstruct:pattern":12,"minecraft:coal":378,"minecraft:iron_nugget":504,"minecraft:furnace":31,"minecraft:blast_furnace":1,"minecraft:spruce_fence":45,"aoa3:runium_chunk":47,"minecraft:oak_trapdoor":6,"aoa3:cooked_charger_shank":3,"minecraft:flint_and_steel":1,"minecraft:lantern":31,"minecraft:spruce_stairs":132,"storagedrawers:controller":1,"minecraft:polished_diorite":172,"minecraft:iron_axe":3,"minecraft:ladder":6,"minecraft:spruce_slab":60,"minecraft:stone_pickaxe":5,"aoa3:rune_box":1,"simplefarming:baked_sweet_potato":9,"storagedrawers:spruce_full_drawers_1":35,"storagedrawers:oak_trim":48,"minecraft:cooked_beef":7,"minecraft:coal_block":69,"elevatorid:elevator_white":2,"aoa3:limonite_sword":1,"minecraft:polished_granite":104,"minecraft:bucket":5,"minecraft:stone_axe":1,"minecraft:bread":15,"minecraft:air":0,"minecraft:white_wool":22,"storagenetwork:inventory":4,"minecraft:iron_shovel":1,"minecraft:stonecutter":1,"minecraft:white_bed":2,"storagenetwork:storage_kabel":32,"minecraft:torch":28},"minecraft:custom":{"lootr:looted_stat":16,"minecraft:animals_bred":1,"minecraft:interact_with_crafting_table":171,"minecraft:open_barrel":14,"minecraft:leave_game":72,"minecraft:time_since_death":696035,"minecraft:sprint_one_cm":1471106,"minecraft:drop":53,"minecraft:talked_to_villager":37,"minecraft:deaths":7,"minecraft:jump":6451,"minecraft:walk_on_water_one_cm":39299,"minecraft:interact_with_furnace":394,"minecraft:traded_with_villager":1,"minecraft:play_one_minute":1503981,"minecraft:sleep_in_bed":17,"minecraft:waystone_activated":6,"tramplestopper:farmland_saved":1,"minecraft:damage_dealt":24906,"minecraft:crouch_one_cm":80271,"tombstone:undead_killed":47,"minecraft:interact_with_smoker":47,"minecraft:interact_with_smithing_table":2,"minecraft:mob_kills":143,"minecraft:interact_with_anvil":1,"minecraft:climb_one_cm":4081,"minecraft:walk_one_cm":4781313,"minecraft:sneak_time":38044,"minecraft:walk_under_water_one_cm":38051,"minecraft:interact_with_blast_furnace":17,"minecraft:pot_flower":17,"minecraft:interact_with_stonecutter":9,"minecraft:time_since_rest":457017,"minecraft:damage_taken":9597,"minecraft:swim_one_cm":46500,"minecraft:fly_one_cm":788828,"minecraft:open_chest":607,"minecraft:fall_one_cm":336783}},"DataVersion":2586}