{"stats":{"minecraft:used":{"aoa3:frame_bench":1,"minecraft:iron_shovel":208,"minecraft:spruce_slab":50,"minecraft:ladder":6,"minecraft:oak_sign":2,"minecraft:chest":8,"minecraft:stone":2092,"minecraft:rotten_flesh":2,"minecraft:spruce_leaves":6,"simplefarming:raspberries":65,"minecraft:stripped_spruce_log":207,"minecraft:glass":14,"minecraft:lantern":84,"minecraft:stone_brick_stairs":93,"minecraft:stone_bricks":18,"carryon:tile_item":53,"storagedrawers:spruce_trim":3,"minecraft:oak_sapling":50,"minecraft:furnace":55,"simplefarming:apricot_sapling":10,"minecraft:diorite":46,"minecraft:spruce_door":6,"aoa3:limonite_pickaxe":354,"minecraft:stone_pickaxe":657,"aoa3:limonite_sword":342,"minecraft:ender_pearl":1,"minecraft:wooden_pickaxe":59,"minecraft:blue_bed":1,"minecraft:sugar_cane":2,"storagedrawers:spruce_full_drawers_1":6,"minecraft:oak_leaves":16,"elevatorid:elevator_white":5,"minecraft:sand":7,"aoa3:stone_bowl":12,"tconstruct:copper_ore":1,"minecraft:blast_furnace":2,"minecraft:black_bed":1,"minecraft:shears":49,"simplefarming:baked_sweet_potato":9,"waystones:waystone":4,"minecraft:string":3,"minecraft:bread":14,"minecraft:stone_button":4,"minecraft:polished_granite":58,"minecraft:oak_pressure_plate":5,"minecraft:iron_door":2,"minecraft:gravel":11,"simplefarming:apricot":119,"minecraft:grindstone":1,"minecraft:smithing_table":1,"minecraft:andesite":102,"minecraft:smooth_stone_slab":158,"minecraft:tropical_fish_bucket":4,"minecraft:golden_pickaxe":376,"minecraft:experience_bottle":63,"aoa3:infusion_table":1,"minecraft:oak_trapdoor":6,"minecraft:stone_sword":133,"aoa3:cooked_charger_shank":3,"minecraft:armor_stand":1,"minecraft:spruce_planks":11,"minecraft:cooked_salmon":1,"minecraft:torch":325,"minecraft:dirt":303,"minecraft:anvil":2,"minecraft:spruce_stairs":173,"minecraft:cobblestone_wall":8,"minecraft:cod_bucket":1,"minecraft:bee_nest":1,"minecraft:spruce_fence":144,"minecraft:granite":26,"minecraft:polished_diorite":300,"minecraft:stone_brick_slab":24,"minecraft:bookshelf":18,"minecraft:iron_axe":702,"carryon:entity_item":11,"tconstruct:tinker_station":3,"minecraft:barrel":45,"tombstone:gift":4,"minecraft:cooked_beef":27,"tconstruct:part_builder":2,"minecraft:golden_axe":32,"minecraft:water_bucket":16,"lootr:lootr_chest":1,"minecraft:stonecutter":4,"minecraft:green_bed":2,"minecraft:oak_slab":42,"minecraft:crafting_table":23,"minecraft:white_bed":2,"minecraft:spruce_log":148,"minecraft:smoker":1,"minecraft:oak_log":13,"minecraft:flower_pot":17,"minecraft:iron_pickaxe":5245,"minecraft:spruce_pressure_plate":2,"minecraft:spruce_trapdoor":217,"minecraft:spruce_sapling":91,"minecraft:stone_axe":123,"minecraft:cobblestone":793,"simplefarming:raspberry_bush":8,"minecraft:cooked_porkchop":20,"minecraft:bucket":22},"minecraft:picked_up":{"minecraft:wheat":2,"minecraft:stone_brick_stairs":15,"aoa3:silver_coin":2,"aoa3:carved_rune_of_direction":2,"minecraft:string":27,"storagedrawers:spruce_trim":3,"minecraft:comparator":8,"simplefarming:fruit_log":28,"minecraft:spruce_planks":29,"minecraft:red_dye":7,"minecraft:redstone_torch":3,"minecraft:smooth_quartz":11,"minecraft:coal_block":2,"minecraft:furnace":26,"minecraft:spruce_pressure_plate":1,"minecraft:stick":145,"minecraft:torch":181,"minecraft:spruce_stairs":8,"minecraft:porkchop":18,"aoa3:infusion_table":1,"simplefarming:raspberries":65,"tombstone:grave_dust":9,"minecraft:diorite":189,"simplefarming:sweet_potato":3,"minecraft:cactus":8,"minecraft:rotten_flesh":29,"minecraft:tropical_fish":2,"minecraft:obsidian":2,"minecraft:cobblestone":4737,"minecraft:repeater":9,"minecraft:andesite":141,"minecraft:chiseled_quartz_block":19,"minecraft:smoker":2,"minecraft:flint":1,"aoa3:runium_ore":6,"aoa3:rosite_ingot":7,"minecraft:dirt":215,"minecraft:lantern":6,"minecraft:bone":12,"minecraft:stonecutter":3,"minecraft:wheat_seeds":4,"minecraft:powered_rail":2,"minecraft:oak_pressure_plate":2,"minecraft:sand":129,"minecraft:stripped_spruce_log":9,"minecraft:barrel":1,"waystones:waystone":2,"minecraft:granite":136,"minecraft:golden_apple":1,"minecraft:bread":2,"minecraft:oak_sapling":54,"minecraft:oak_leaves":49,"minecraft:crafting_table":10,"aoa3:copper_coin":62,"minecraft:ladder":6,"minecraft:wooden_pickaxe":1,"aoa3:carved_rune_of_space":1,"aoa3:wither_staff":1,"aoa3:limonite_ore":31,"minecraft:beef":2,"aoa3:raw_charger_shank":2,"minecraft:iron_nugget":8,"minecraft:spruce_slab":13,"minecraft:sugar_cane":56,"minecraft:piston":21,"minecraft:spruce_trapdoor":3,"minecraft:stone":96,"simplefarming:apricot":119,"minecraft:note_block":2,"minecraft:redstone":31,"minecraft:tnt":7,"tconstruct:sky_slime_ball":4,"minecraft:arrow":16,"minecraft:beetroot_seeds":4,"tconstruct:tinker_station":3,"aoa3:frame_bench":1,"simplefarming:baked_sweet_potato":3,"minecraft:white_wool":1,"minecraft:rail":2,"simplefarming:apricot_sapling":10,"minecraft:air":0,"tconstruct:part_builder":2,"minecraft:leather":9,"minecraft:oak_log":143,"minecraft:gunpowder":3,"minecraft:cobblestone_wall":10,"minecraft:cooked_mutton":2,"minecraft:stone_bricks":1,"minecraft:apple":8,"minecraft:iron_ingot":15,"minecraft:iron_ore":75,"tconstruct:copper_ingot":78,"minecraft:oak_slab":10,"tconstruct:copper_ore":118,"minecraft:pumpkin":2,"minecraft:stone_brick_slab":7,"minecraft:gravel":30,"aoa3:scrap_metal":8,"minecraft:spruce_sapling":166,"minecraft:blast_furnace":1,"minecraft:white_bed":1,"minecraft:spruce_log":360,"bountifulbaubles:potion_wormhole":1,"simplefarming:raspberry_bush":8,"minecraft:spruce_door":4,"simplefarming:sweet_potato_seeds":3,"minecraft:polished_diorite":13,"tconstruct:pattern":1,"minecraft:coal":504,"minecraft:ender_pearl":1},"minecraft:mined":{"simplefarming:raspberry_bush":8,"minecraft:spruce_planks":8,"minecraft:white_bed":1,"tconstruct:tinker_station":3,"minecraft:spruce_trapdoor":3,"minecraft:granite":141,"simplefarming:apricot_leaves":1,"minecraft:grass_block":88,"minecraft:oak_pressure_plate":2,"minecraft:polished_diorite":13,"minecraft:spawner":1,"simplefarming:sweet_potato_crop":1,"minecraft:iron_ore":188,"minecraft:fire":2,"minecraft:barrel":1,"minecraft:pumpkin":2,"minecraft:spruce_pressure_plate":1,"simplefarming:fruit_log":28,"minecraft:spruce_slab":8,"minecraft:tripwire":4,"tconstruct:part_builder":2,"minecraft:smoker":1,"simplefarming:apricot_sapling":1,"minecraft:torch":79,"minecraft:blast_furnace":1,"minecraft:glass":2,"minecraft:cobblestone":151,"minecraft:sugar_cane":29,"minecraft:wall_torch":122,"aoa3:limonite_ore":76,"minecraft:stone_brick_stairs":15,"minecraft:grass":10,"minecraft:oak_log":133,"aoa3:rosite_ore":20,"minecraft:sand":140,"minecraft:dirt":143,"minecraft:stonecutter":3,"minecraft:oak_leaves":62,"minecraft:ladder":6,"minecraft:spruce_leaves":88,"aoa3:frame_bench":1,"minecraft:spruce_sapling":1,"minecraft:furnace":20,"minecraft:andesite":182,"minecraft:stripped_spruce_log":8,"aoa3:runium_ore":20,"minecraft:rail":193,"minecraft:lantern":2,"minecraft:stone":5396,"supplementaries:wall_lantern":1,"tconstruct:copper_ore":190,"minecraft:oak_slab":5,"minecraft:stone_brick_slab":7,"minecraft:spruce_door":3,"minecraft:crafting_table":17,"aoa3:infusion_table":1,"minecraft:diorite":237,"minecraft:spruce_stairs":8,"minecraft:cobblestone_wall":19,"minecraft:spruce_log":362,"minecraft:bee_nest":1,"minecraft:coal_ore":469,"storagedrawers:spruce_trim":3,"minecraft:gravel":29,"minecraft:cobweb":77,"minecraft:stone_bricks":1,"minecraft:infested_stone":24},"minecraft:broken":{"minecraft:golden_leggings":1,"minecraft:stone_pickaxe":5,"minecraft:stone_axe":1,"minecraft:stone_sword":1,"minecraft:wooden_pickaxe":1,"aoa3:limonite_pickaxe":1,"minecraft:golden_axe":1,"minecraft:iron_axe":2,"minecraft:iron_pickaxe":20,"minecraft:golden_pickaxe":1},"minecraft:killed":{"minecraft:cave_spider":5,"minecraft:spider":6,"minecraft:skeleton":15,"aoa3:sasquatch":4,"aoa3:ghost":1,"minecraft:silverfish":22,"minecraft:pig":8,"aoa3:bomb_carrier":5,"minecraft:creeper":2,"minecraft:zombie":25,"aoa3:goblin":2,"aoa3:goalby":5,"minecraft:cow":1,"aoa3:charger":2,"minecraft:llama":8,"aoa3:night_reaper":4,"aoa3:cyclops":6,"aoa3:void_walker":1,"aoa3:glistening_pixon":6,"aoa3:mother_void_walker":1,"aoa3:bugeye":4},"minecraft:killed_by":{"minecraft:cave_spider":1,"aoa3:cyclops":1,"aoa3:goblin":1,"aoa3:goalby":3,"aoa3:charger":1},"minecraft:dropped":{"simplefarming:baked_sweet_potato":1,"minecraft:oak_log":10,"simplefarming:cactus_fruit":8,"simplefarming:sweet_potato_seeds":1,"aoa3:copper_coin":1,"minecraft:emerald":1,"minecraft:dirt":2,"relics:leather_belt":2,"aoa3:glistening_infusion_stone":7,"aoa3:wither_staff":1,"minecraft:iron_pickaxe":1,"minecraft:bone":4,"tconstruct:copper_ingot":1,"minecraft:wheat":2,"minecraft:arrow":15,"minecraft:stone_hoe":1,"minecraft:iron_ingot":3,"minecraft:stripped_spruce_log":1,"minecraft:wheat_seeds":1,"minecraft:cobblestone":1,"minecraft:granite":1,"bountifulbaubles:potion_wormhole":1,"minecraft:coal":2,"minecraft:furnace":1,"minecraft:chiseled_quartz_block":19,"relics:slime_heart":1,"minecraft:spruce_log":14},"minecraft:crafted":{"minecraft:oak_planks":300,"minecraft:smooth_stone":2,"minecraft:barrel":37,"minecraft:oak_pressure_plate":2,"minecraft:cooked_chicken":3,"minecraft:stone":610,"tconstruct:tool_binding":5,"minecraft:bookshelf":2,"storagedrawers:spruce_trim":4,"minecraft:cooked_mutton":2,"aoa3:rosite_ingot":28,"minecraft:spruce_pressure_plate":1,"minecraft:green_dye":1,"minecraft:glass":64,"minecraft:stone_brick_slab":18,"minecraft:chest":6,"minecraft:stone_hoe":1,"tconstruct:pickaxe_head":5,"minecraft:stone_bricks":104,"tconstruct:small_blade":1,"minecraft:oak_slab":60,"minecraft:cooked_porkchop":20,"minecraft:crafting_table":5,"minecraft:spruce_planks":680,"minecraft:wooden_pickaxe":1,"minecraft:spruce_door":6,"minecraft:green_bed":1,"aoa3:limonite_pickaxe":1,"minecraft:smithing_table":1,"tconstruct:tool_handle":7,"tconstruct:sword":1,"minecraft:stone_brick_stairs":1,"minecraft:spruce_trapdoor":74,"minecraft:book":7,"minecraft:paper":60,"tconstruct:copper_ingot":156,"minecraft:stick":88,"minecraft:iron_ingot":276,"minecraft:iron_pickaxe":24,"minecraft:stone_sword":1,"aoa3:limonite_ingot":60,"aoa3:fire_staff":1,"minecraft:shears":1,"tconstruct:pickaxe":5,"tconstruct:pattern":12,"minecraft:coal":378,"minecraft:iron_nugget":504,"minecraft:furnace":31,"minecraft:blast_furnace":1,"minecraft:spruce_fence":45,"aoa3:runium_chunk":47,"minecraft:oak_trapdoor":6,"aoa3:cooked_charger_shank":3,"minecraft:lantern":31,"minecraft:spruce_stairs":132,"minecraft:polished_diorite":172,"minecraft:iron_axe":3,"minecraft:ladder":6,"minecraft:spruce_slab":60,"minecraft:stone_pickaxe":5,"aoa3:rune_box":1,"simplefarming:baked_sweet_potato":9,"storagedrawers:spruce_full_drawers_1":2,"minecraft:cooked_beef":7,"minecraft:coal_block":69,"elevatorid:elevator_white":2,"aoa3:limonite_sword":1,"minecraft:polished_granite":104,"minecraft:bucket":5,"minecraft:stone_axe":1,"minecraft:bread":15,"minecraft:air":0,"minecraft:white_wool":22,"minecraft:iron_shovel":1,"minecraft:stonecutter":1,"minecraft:white_bed":2,"minecraft:torch":28},"minecraft:custom":{"lootr:looted_stat":14,"minecraft:animals_bred":1,"minecraft:interact_with_crafting_table":130,"minecraft:open_barrel":14,"minecraft:leave_game":72,"minecraft:time_since_death":474035,"minecraft:sprint_one_cm":1265009,"minecraft:drop":45,"minecraft:talked_to_villager":37,"minecraft:deaths":7,"minecraft:jump":5669,"minecraft:walk_on_water_one_cm":38638,"minecraft:interact_with_furnace":390,"minecraft:traded_with_villager":1,"minecraft:play_one_minute":1281981,"minecraft:sleep_in_bed":17,"minecraft:waystone_activated":6,"tramplestopper:farmland_saved":1,"minecraft:damage_dealt":23276,"minecraft:crouch_one_cm":62952,"tombstone:undead_killed":45,"minecraft:interact_with_smoker":47,"minecraft:interact_with_smithing_table":2,"minecraft:mob_kills":130,"minecraft:interact_with_anvil":1,"minecraft:climb_one_cm":3749,"minecraft:walk_one_cm":4214993,"minecraft:sneak_time":29381,"minecraft:walk_under_water_one_cm":38051,"minecraft:interact_with_blast_furnace":17,"minecraft:pot_flower":17,"minecraft:interact_with_stonecutter":9,"minecraft:time_since_rest":235017,"minecraft:damage_taken":8947,"minecraft:swim_one_cm":46500,"minecraft:fly_one_cm":648808,"minecraft:open_chest":477,"minecraft:fall_one_cm":229166}},"DataVersion":2586}